"ID","retained","age","cover","engine_size"
"1",1,"over 60","Comprehensive","B"
"2",1,"50-60","Comprehensive","B"
"3",1,"over 60","Comprehensive","A"
"4",1,"over 60","Comprehensive","C"
"5",1,"over 60","3rd Party, F & T","C"
"6",0,"40-49","3rd Party, F & T","B"
"7",1,"over 60","Comprehensive","A"
"8",0,"30-39","3rd Party, F & T","B"
"9",0,"30-39","3rd Party, F & T","C"
"10",1,"over 60","Comprehensive","B"
"11",1,"50-60","Comprehensive","B"
"12",1,"30-39","3rd Party, F & T","B"
"13",1,"30-39","Comprehensive","A"
"14",1,"30-39","Comprehensive","C"
"15",1,"50-60","Comprehensive","B"
"16",1,"40-49","Comprehensive","C"
"17",1,"30-39","Comprehensive","B"
"18",1,"20-29","3rd Party, F & T","A"
"19",1,"30-39","Comprehensive","C"
"20",1,"50-60","Comprehensive","A"
"21",1,"over 60","Comprehensive","B"
"22",1,"30-39","Comprehensive","B"
"23",0,"40-49","Comprehensive","A"
"24",1,"40-49","Comprehensive","C"
"25",1,"50-60","Comprehensive","B"
"26",1,"40-49","Comprehensive","A"
"27",1,"30-39","3rd Party, F & T","B"
"28",1,"20-29","Comprehensive","C"
"29",1,"30-39","3rd Party, F & T","C"
"30",1,"30-39","3rd Party, F & T","C"
"31",1,"over 60","Comprehensive","C"
"32",1,"20-29","Comprehensive","B"
"33",1,"over 60","Comprehensive","B"
"34",1,"30-39","3rd Party, F & T","C"
"35",1,"50-60","3rd Party, F & T","B"
"36",0,"over 60","3rd Party, F & T","B"
"37",1,"20-29","3rd Party, F & T","B"
"38",1,"over 60","3rd Party, F & T","B"
"39",1,"50-60","3rd Party, F & T","B"
"40",0,"over 60","Comprehensive","B"
"41",0,"30-39","Comprehensive","B"
"42",1,"over 60","Comprehensive","B"
"43",1,"over 60","3rd Party, F & T","A"
"44",1,"40-49","Comprehensive","A"
"45",1,"50-60","Comprehensive","A"
"46",1,"50-60","Comprehensive","A"
"47",1,"30-39","Comprehensive","A"
"48",1,"30-39","Comprehensive","A"
"49",0,"30-39","3rd Party, F & T","A"
"50",0,"30-39","3rd Party, F & T","B"
"51",1,"over 60","3rd Party, F & T","B"
"52",1,"over 60","Comprehensive","B"
"53",1,"50-60","Comprehensive","B"
"54",0,"over 60","Comprehensive","A"
"55",1,"50-60","Comprehensive","B"
"56",1,"20-29","Comprehensive","C"
"57",0,"20-29","Comprehensive","B"
"58",1,"50-60","Comprehensive","C"
"59",0,"30-39","Comprehensive","B"
"60",1,"over 60","Comprehensive","A"
"61",1,"over 60","3rd Party, F & T","A"
"62",1,"30-39","Comprehensive","C"
"63",1,"20-29","3rd Party, F & T","A"
"64",1,"30-39","3rd Party, F & T","C"
"65",0,"30-39","3rd Party, F & T","B"
"66",0,"40-49","Comprehensive","C"
"67",1,"30-39","Comprehensive","B"
"68",1,"30-39","3rd Party, F & T","B"
"69",1,"40-49","3rd Party, F & T","C"
"70",1,"over 60","Comprehensive","A"
"71",1,"40-49","Comprehensive","B"
"72",0,"20-29","Comprehensive","B"
"73",1,"50-60","Comprehensive","B"
"74",1,"50-60","3rd Party, F & T","C"
"75",1,"20-29","Comprehensive","A"
"76",1,"20-29","Comprehensive","B"
"77",1,"over 60","Comprehensive","B"
"78",1,"30-39","Comprehensive","A"
"79",0,"40-49","3rd Party, F & T","B"
"80",1,"40-49","Comprehensive","B"
"81",0,"40-49","Comprehensive","C"
"82",1,"over 60","Comprehensive","C"
"83",1,"30-39","Comprehensive","B"
"84",1,"20-29","3rd Party, F & T","B"
"85",1,"20-29","Comprehensive","B"
"86",1,"50-60","Comprehensive","C"
"87",0,"50-60","Comprehensive","B"
"88",1,"over 60","Comprehensive","B"
"89",1,"40-49","Comprehensive","A"
"90",1,"40-49","Comprehensive","B"
"91",1,"50-60","3rd Party, F & T","A"
"92",0,"over 60","Comprehensive","B"
"93",1,"20-29","Comprehensive","B"
"94",1,"over 60","3rd Party, F & T","C"
"95",1,"40-49","Comprehensive","B"
"96",1,"over 60","Comprehensive","A"
"97",1,"over 60","Comprehensive","B"
"98",1,"30-39","Comprehensive","B"
"99",0,"30-39","Comprehensive","B"
"100",0,"20-29","Comprehensive","C"
"101",1,"over 60","3rd Party, F & T","A"
"102",1,"30-39","Comprehensive","A"
"103",0,"30-39","3rd Party, F & T","B"
"104",0,"40-49","Comprehensive","C"
"105",1,"40-49","3rd Party, F & T","A"
"106",1,"over 60","3rd Party, F & T","B"
"107",0,"30-39","3rd Party, F & T","C"
"108",1,"50-60","Comprehensive","A"
"109",0,"30-39","Comprehensive","B"
"110",1,"over 60","3rd Party, F & T","B"
"111",1,"over 60","Comprehensive","A"
"112",1,"50-60","3rd Party, F & T","B"
"113",1,"50-60","3rd Party, F & T","A"
"114",1,"30-39","Comprehensive","B"
"115",0,"40-49","3rd Party, F & T","B"
"116",1,"30-39","Comprehensive","B"
"117",1,"30-39","3rd Party, F & T","C"
"118",1,"30-39","Comprehensive","C"
"119",1,"30-39","Comprehensive","B"
"120",1,"20-29","Comprehensive","B"
"121",1,"40-49","3rd Party, F & T","C"
"122",1,"50-60","Comprehensive","C"
"123",1,"20-29","Comprehensive","B"
"124",0,"40-49","3rd Party, F & T","C"
"125",1,"50-60","Comprehensive","A"
"126",1,"30-39","Comprehensive","A"
"127",0,"50-60","Comprehensive","A"
"128",1,"50-60","3rd Party, F & T","C"
"129",1,"over 60","Comprehensive","A"
"130",1,"30-39","3rd Party, F & T","B"
"131",1,"40-49","Comprehensive","C"
"132",1,"50-60","Comprehensive","B"
"133",1,"30-39","Comprehensive","A"
"134",1,"50-60","Comprehensive","B"
"135",0,"over 60","Comprehensive","A"
"136",0,"over 60","Comprehensive","B"
"137",1,"30-39","3rd Party, F & T","C"
"138",1,"50-60","Comprehensive","B"
"139",0,"40-49","Comprehensive","B"
"140",0,"over 60","Comprehensive","B"
"141",1,"50-60","Comprehensive","C"
"142",1,"over 60","Comprehensive","B"
"143",1,"50-60","3rd Party, F & T","B"
"144",1,"40-49","Comprehensive","A"
"145",1,"30-39","Comprehensive","C"
"146",1,"30-39","Comprehensive","A"
"147",1,"20-29","Comprehensive","B"
"148",1,"40-49","Comprehensive","C"
"149",1,"over 60","Comprehensive","B"
"150",1,"over 60","3rd Party, F & T","C"
"151",1,"50-60","Comprehensive","B"
"152",1,"over 60","Comprehensive","A"
"153",1,"over 60","3rd Party, F & T","B"
"154",1,"30-39","Comprehensive","B"
"155",1,"40-49","Comprehensive","A"
"156",1,"30-39","Comprehensive","A"
"157",1,"over 60","Comprehensive","A"
"158",1,"30-39","Comprehensive","A"
"159",0,"over 60","Comprehensive","C"
"160",0,"30-39","3rd Party, F & T","B"
"161",1,"40-49","3rd Party, F & T","B"
"162",1,"50-60","Comprehensive","B"
"163",1,"30-39","Comprehensive","B"
"164",1,"over 60","3rd Party, F & T","C"
"165",1,"30-39","Comprehensive","C"
"166",1,"30-39","Comprehensive","B"
"167",0,"30-39","Comprehensive","C"
"168",1,"over 60","Comprehensive","A"
"169",1,"30-39","Comprehensive","A"
"170",0,"50-60","Comprehensive","A"
"171",1,"30-39","3rd Party, F & T","A"
"172",0,"over 60","Comprehensive","C"
"173",1,"over 60","Comprehensive","A"
"174",1,"40-49","Comprehensive","A"
"175",1,"30-39","3rd Party, F & T","A"
"176",1,"over 60","3rd Party, F & T","B"
"177",1,"40-49","Comprehensive","A"
"178",1,"30-39","Comprehensive","B"
"179",0,"over 60","Comprehensive","B"
"180",1,"30-39","3rd Party, F & T","B"
"181",1,"40-49","3rd Party, F & T","B"
"182",1,"30-39","Comprehensive","C"
"183",1,"20-29","Comprehensive","B"
"184",1,"40-49","Comprehensive","C"
"185",1,"over 60","3rd Party, F & T","C"
"186",1,"30-39","Comprehensive","B"
"187",1,"30-39","Comprehensive","B"
"188",1,"over 60","Comprehensive","C"
"189",1,"50-60","Comprehensive","B"
"190",1,"over 60","3rd Party, F & T","A"
"191",1,"50-60","Comprehensive","A"
"192",0,"40-49","3rd Party, F & T","B"
"193",0,"30-39","3rd Party, F & T","C"
"194",1,"over 60","Comprehensive","A"
"195",0,"40-49","Comprehensive","A"
"196",1,"50-60","Comprehensive","B"
"197",1,"40-49","3rd Party, F & T","A"
"198",1,"30-39","Comprehensive","B"
"199",1,"over 60","Comprehensive","B"
"200",1,"40-49","Comprehensive","B"
"201",1,"30-39","3rd Party, F & T","B"
"202",1,"50-60","Comprehensive","B"
"203",1,"20-29","3rd Party, F & T","B"
"204",1,"40-49","Comprehensive","A"
"205",1,"30-39","3rd Party, F & T","A"
"206",1,"30-39","3rd Party, F & T","B"
"207",1,"30-39","Comprehensive","B"
"208",1,"20-29","3rd Party, F & T","B"
"209",0,"40-49","3rd Party, F & T","C"
"210",1,"50-60","Comprehensive","C"
"211",1,"over 60","3rd Party, F & T","A"
"212",1,"30-39","Comprehensive","A"
"213",1,"20-29","Comprehensive","A"
"214",1,"30-39","Comprehensive","C"
"215",1,"20-29","3rd Party, F & T","A"
"216",1,"over 60","Comprehensive","C"
"217",1,"20-29","3rd Party, F & T","B"
"218",1,"30-39","3rd Party, F & T","B"
"219",1,"40-49","3rd Party, F & T","C"
"220",1,"20-29","3rd Party, F & T","A"
"221",1,"30-39","Comprehensive","B"
"222",1,"20-29","3rd Party, F & T","C"
"223",0,"30-39","Comprehensive","A"
"224",0,"30-39","Comprehensive","B"
"225",0,"20-29","Comprehensive","B"
"226",0,"40-49","3rd Party, F & T","B"
"227",1,"40-49","3rd Party, F & T","A"
"228",1,"40-49","Comprehensive","B"
"229",1,"50-60","Comprehensive","B"
"230",1,"40-49","3rd Party, F & T","B"
"231",1,"50-60","Comprehensive","A"
"232",1,"50-60","Comprehensive","B"
"233",0,"30-39","Comprehensive","A"
"234",1,"40-49","3rd Party, F & T","A"
"235",1,"20-29","Comprehensive","B"
"236",1,"20-29","Comprehensive","B"
"237",1,"50-60","3rd Party, F & T","B"
"238",1,"40-49","Comprehensive","B"
"239",1,"over 60","3rd Party, F & T","B"
"240",1,"over 60","3rd Party, F & T","A"
"241",1,"50-60","Comprehensive","A"
"242",1,"40-49","Comprehensive","C"
"243",1,"over 60","3rd Party, F & T","C"
"244",0,"30-39","Comprehensive","A"
"245",1,"30-39","Comprehensive","B"
"246",1,"40-49","3rd Party, F & T","A"
"247",0,"40-49","Comprehensive","C"
"248",1,"over 60","Comprehensive","B"
"249",1,"50-60","Comprehensive","B"
"250",1,"40-49","3rd Party, F & T","B"
"251",1,"40-49","Comprehensive","A"
"252",1,"40-49","Comprehensive","A"
"253",1,"50-60","3rd Party, F & T","C"
"254",0,"50-60","Comprehensive","B"
"255",0,"30-39","Comprehensive","B"
"256",1,"50-60","3rd Party, F & T","B"
"257",1,"20-29","3rd Party, F & T","A"
"258",1,"30-39","Comprehensive","B"
"259",1,"40-49","3rd Party, F & T","C"
"260",0,"30-39","Comprehensive","C"
"261",0,"over 60","Comprehensive","B"
"262",1,"50-60","Comprehensive","B"
"263",1,"over 60","Comprehensive","A"
"264",1,"50-60","Comprehensive","B"
"265",1,"20-29","Comprehensive","B"
"266",1,"40-49","Comprehensive","B"
"267",1,"over 60","3rd Party, F & T","B"
"268",0,"50-60","3rd Party, F & T","A"
"269",1,"over 60","3rd Party, F & T","C"
"270",1,"40-49","Comprehensive","C"
"271",1,"over 60","Comprehensive","B"
"272",1,"30-39","Comprehensive","C"
"273",1,"20-29","3rd Party, F & T","B"
"274",1,"over 60","Comprehensive","A"
"275",1,"30-39","Comprehensive","B"
"276",1,"over 60","Comprehensive","B"
"277",1,"50-60","Comprehensive","B"
"278",1,"30-39","3rd Party, F & T","A"
"279",1,"50-60","Comprehensive","A"
"280",1,"50-60","3rd Party, F & T","A"
"281",1,"30-39","Comprehensive","B"
"282",1,"30-39","3rd Party, F & T","A"
"283",1,"over 60","Comprehensive","B"
"284",1,"50-60","Comprehensive","B"
"285",0,"30-39","3rd Party, F & T","B"
"286",1,"20-29","3rd Party, F & T","C"
"287",1,"40-49","Comprehensive","B"
"288",1,"20-29","Comprehensive","B"
"289",0,"40-49","Comprehensive","A"
"290",0,"20-29","3rd Party, F & T","B"
"291",1,"20-29","3rd Party, F & T","C"
"292",1,"30-39","Comprehensive","C"
"293",1,"40-49","3rd Party, F & T","B"
"294",1,"over 60","Comprehensive","C"
"295",1,"40-49","Comprehensive","B"
"296",1,"30-39","Comprehensive","B"
"297",1,"over 60","3rd Party, F & T","C"
"298",1,"50-60","3rd Party, F & T","B"
"299",1,"40-49","3rd Party, F & T","B"
"300",1,"over 60","Comprehensive","C"
"301",1,"50-60","Comprehensive","B"
"302",1,"over 60","Comprehensive","C"
"303",1,"40-49","Comprehensive","B"
"304",0,"over 60","3rd Party, F & T","C"
"305",1,"40-49","Comprehensive","B"
"306",1,"30-39","Comprehensive","A"
"307",1,"over 60","Comprehensive","C"
"308",1,"over 60","3rd Party, F & T","C"
"309",1,"50-60","3rd Party, F & T","B"
"310",1,"30-39","Comprehensive","B"
"311",0,"30-39","3rd Party, F & T","B"
"312",1,"30-39","3rd Party, F & T","A"
"313",1,"40-49","Comprehensive","B"
"314",0,"over 60","Comprehensive","A"
"315",1,"over 60","Comprehensive","C"
"316",1,"30-39","3rd Party, F & T","A"
"317",1,"40-49","Comprehensive","B"
"318",1,"over 60","3rd Party, F & T","B"
"319",1,"50-60","3rd Party, F & T","B"
"320",1,"30-39","3rd Party, F & T","B"
"321",1,"20-29","3rd Party, F & T","B"
"322",0,"over 60","3rd Party, F & T","B"
"323",1,"over 60","Comprehensive","A"
"324",1,"over 60","3rd Party, F & T","C"
"325",1,"40-49","3rd Party, F & T","B"
"326",0,"20-29","3rd Party, F & T","C"
"327",1,"30-39","3rd Party, F & T","B"
"328",1,"30-39","Comprehensive","A"
"329",1,"20-29","Comprehensive","A"
"330",1,"30-39","Comprehensive","A"
"331",1,"30-39","Comprehensive","B"
"332",1,"30-39","3rd Party, F & T","A"
"333",1,"50-60","Comprehensive","B"
"334",1,"50-60","3rd Party, F & T","A"
"335",1,"over 60","3rd Party, F & T","B"
"336",1,"40-49","Comprehensive","C"
"337",1,"30-39","3rd Party, F & T","C"
"338",1,"20-29","3rd Party, F & T","B"
"339",1,"30-39","3rd Party, F & T","C"
"340",0,"30-39","Comprehensive","C"
"341",1,"30-39","Comprehensive","A"
"342",1,"30-39","Comprehensive","A"
"343",1,"over 60","Comprehensive","A"
"344",1,"50-60","Comprehensive","B"
"345",1,"50-60","Comprehensive","C"
"346",1,"50-60","Comprehensive","C"
"347",1,"30-39","3rd Party, F & T","B"
"348",1,"50-60","3rd Party, F & T","C"
"349",1,"40-49","Comprehensive","B"
"350",1,"30-39","Comprehensive","B"
"351",1,"30-39","Comprehensive","A"
"352",1,"20-29","3rd Party, F & T","C"
"353",0,"20-29","Comprehensive","C"
"354",0,"50-60","Comprehensive","B"
"355",1,"over 60","3rd Party, F & T","B"
"356",1,"40-49","3rd Party, F & T","B"
"357",1,"50-60","Comprehensive","B"
"358",1,"over 60","3rd Party, F & T","B"
"359",1,"30-39","Comprehensive","A"
"360",1,"30-39","3rd Party, F & T","B"
"361",0,"over 60","3rd Party, F & T","C"
"362",0,"30-39","Comprehensive","A"
"363",1,"40-49","3rd Party, F & T","A"
"364",0,"40-49","3rd Party, F & T","B"
"365",1,"40-49","3rd Party, F & T","B"
"366",0,"20-29","3rd Party, F & T","A"
"367",1,"30-39","3rd Party, F & T","B"
"368",1,"40-49","3rd Party, F & T","A"
"369",1,"30-39","Comprehensive","A"
"370",1,"50-60","3rd Party, F & T","A"
"371",1,"40-49","Comprehensive","B"
"372",0,"20-29","Comprehensive","B"
"373",1,"50-60","Comprehensive","C"
"374",0,"20-29","Comprehensive","B"
"375",0,"30-39","3rd Party, F & T","B"
"376",1,"30-39","Comprehensive","B"
"377",1,"50-60","Comprehensive","B"
"378",0,"30-39","3rd Party, F & T","A"
"379",1,"over 60","Comprehensive","B"
"380",1,"20-29","Comprehensive","B"
"381",0,"30-39","Comprehensive","C"
"382",1,"over 60","3rd Party, F & T","C"
"383",1,"50-60","Comprehensive","B"
"384",1,"30-39","Comprehensive","A"
"385",1,"20-29","3rd Party, F & T","A"
"386",1,"30-39","3rd Party, F & T","B"
"387",1,"20-29","Comprehensive","B"
"388",1,"50-60","Comprehensive","C"
"389",0,"40-49","3rd Party, F & T","C"
"390",1,"50-60","Comprehensive","A"
"391",1,"50-60","Comprehensive","B"
"392",1,"40-49","3rd Party, F & T","A"
"393",0,"20-29","Comprehensive","C"
"394",1,"40-49","Comprehensive","B"
"395",1,"50-60","3rd Party, F & T","A"
"396",1,"30-39","3rd Party, F & T","A"
"397",1,"50-60","3rd Party, F & T","B"
"398",1,"over 60","Comprehensive","A"
"399",1,"30-39","3rd Party, F & T","B"
"400",0,"20-29","Comprehensive","A"
"401",1,"20-29","Comprehensive","C"
"402",1,"30-39","Comprehensive","C"
"403",1,"40-49","Comprehensive","A"
"404",1,"40-49","Comprehensive","B"
"405",1,"20-29","3rd Party, F & T","A"
"406",1,"40-49","Comprehensive","B"
"407",1,"20-29","3rd Party, F & T","A"
"408",1,"40-49","Comprehensive","B"
"409",1,"50-60","Comprehensive","A"
"410",1,"40-49","3rd Party, F & T","B"
"411",1,"over 60","3rd Party, F & T","B"
"412",1,"50-60","Comprehensive","B"
"413",1,"40-49","3rd Party, F & T","A"
"414",1,"20-29","Comprehensive","B"
"415",0,"over 60","3rd Party, F & T","B"
"416",0,"40-49","Comprehensive","B"
"417",1,"50-60","3rd Party, F & T","A"
"418",1,"over 60","3rd Party, F & T","B"
"419",1,"20-29","Comprehensive","B"
"420",1,"over 60","Comprehensive","C"
"421",1,"20-29","3rd Party, F & T","A"
"422",1,"over 60","Comprehensive","B"
"423",1,"over 60","Comprehensive","A"
"424",0,"30-39","3rd Party, F & T","B"
"425",0,"30-39","Comprehensive","A"
"426",1,"20-29","Comprehensive","B"
"427",1,"50-60","Comprehensive","B"
"428",1,"over 60","Comprehensive","C"
"429",0,"30-39","Comprehensive","A"
"430",1,"20-29","Comprehensive","C"
"431",1,"over 60","Comprehensive","B"
"432",1,"30-39","Comprehensive","B"
"433",0,"30-39","Comprehensive","A"
"434",1,"20-29","3rd Party, F & T","B"
"435",1,"50-60","Comprehensive","B"
"436",1,"40-49","Comprehensive","A"
"437",1,"over 60","Comprehensive","C"
"438",1,"30-39","Comprehensive","B"
"439",1,"20-29","3rd Party, F & T","A"
"440",1,"20-29","Comprehensive","C"
"441",0,"30-39","3rd Party, F & T","A"
"442",1,"20-29","Comprehensive","B"
"443",1,"30-39","Comprehensive","B"
"444",1,"30-39","Comprehensive","B"
"445",1,"40-49","Comprehensive","B"
"446",0,"over 60","Comprehensive","C"
"447",1,"over 60","Comprehensive","B"
"448",1,"40-49","Comprehensive","B"
"449",1,"over 60","Comprehensive","B"
"450",0,"30-39","3rd Party, F & T","B"
"451",1,"40-49","3rd Party, F & T","B"
"452",1,"40-49","Comprehensive","B"
"453",0,"30-39","Comprehensive","B"
"454",0,"20-29","Comprehensive","A"
"455",0,"50-60","3rd Party, F & T","A"
"456",1,"40-49","Comprehensive","B"
"457",1,"40-49","Comprehensive","B"
"458",1,"50-60","Comprehensive","C"
"459",0,"30-39","Comprehensive","B"
"460",1,"50-60","Comprehensive","A"
"461",0,"40-49","Comprehensive","B"
"462",1,"30-39","3rd Party, F & T","A"
"463",1,"30-39","Comprehensive","A"
"464",0,"20-29","Comprehensive","B"
"465",1,"over 60","Comprehensive","B"
"466",1,"50-60","Comprehensive","A"
"467",1,"over 60","3rd Party, F & T","A"
"468",0,"over 60","Comprehensive","B"
"469",1,"over 60","Comprehensive","A"
"470",1,"30-39","Comprehensive","B"
"471",1,"30-39","Comprehensive","B"
"472",1,"30-39","3rd Party, F & T","B"
"473",1,"30-39","Comprehensive","B"
"474",1,"50-60","Comprehensive","B"
"475",0,"30-39","Comprehensive","B"
"476",1,"30-39","Comprehensive","C"
"477",1,"40-49","Comprehensive","B"
"478",0,"40-49","Comprehensive","B"
"479",1,"30-39","Comprehensive","B"
"480",1,"30-39","Comprehensive","A"
"481",0,"50-60","3rd Party, F & T","A"
"482",0,"30-39","3rd Party, F & T","C"
"483",1,"30-39","Comprehensive","A"
"484",1,"40-49","Comprehensive","A"
"485",1,"over 60","Comprehensive","A"
"486",0,"30-39","Comprehensive","A"
"487",0,"50-60","Comprehensive","A"
"488",1,"over 60","3rd Party, F & T","A"
"489",0,"30-39","3rd Party, F & T","B"
"490",0,"40-49","3rd Party, F & T","B"
"491",1,"30-39","Comprehensive","B"
"492",1,"20-29","3rd Party, F & T","A"
"493",1,"50-60","Comprehensive","B"
"494",1,"over 60","Comprehensive","A"
"495",1,"over 60","3rd Party, F & T","A"
"496",1,"over 60","Comprehensive","B"
"497",1,"50-60","Comprehensive","A"
"498",1,"50-60","3rd Party, F & T","B"
"499",1,"30-39","Comprehensive","B"
"500",1,"30-39","Comprehensive","B"
"501",1,"over 60","Comprehensive","C"
"502",1,"40-49","3rd Party, F & T","B"
"503",0,"50-60","Comprehensive","B"
"504",1,"20-29","Comprehensive","A"
"505",1,"50-60","3rd Party, F & T","B"
"506",0,"50-60","Comprehensive","B"
"507",1,"over 60","Comprehensive","C"
"508",1,"20-29","Comprehensive","C"
"509",1,"30-39","Comprehensive","A"
"510",1,"40-49","Comprehensive","C"
"511",1,"30-39","Comprehensive","C"
"512",1,"over 60","Comprehensive","A"
"513",0,"40-49","3rd Party, F & T","C"
"514",1,"50-60","Comprehensive","B"
"515",1,"30-39","Comprehensive","B"
"516",1,"20-29","Comprehensive","C"
"517",1,"30-39","3rd Party, F & T","B"
"518",1,"20-29","3rd Party, F & T","B"
"519",1,"20-29","Comprehensive","B"
"520",1,"50-60","3rd Party, F & T","B"
"521",1,"20-29","3rd Party, F & T","C"
"522",1,"30-39","Comprehensive","B"
"523",1,"40-49","3rd Party, F & T","A"
"524",1,"30-39","3rd Party, F & T","C"
"525",1,"50-60","3rd Party, F & T","B"
"526",1,"20-29","Comprehensive","B"
"527",1,"over 60","Comprehensive","C"
"528",1,"50-60","Comprehensive","B"
"529",1,"over 60","3rd Party, F & T","B"
"530",1,"20-29","Comprehensive","C"
"531",1,"40-49","Comprehensive","B"
"532",0,"30-39","Comprehensive","A"
"533",1,"20-29","Comprehensive","A"
"534",0,"50-60","3rd Party, F & T","B"
"535",1,"30-39","Comprehensive","B"
"536",0,"40-49","Comprehensive","C"
"537",1,"50-60","3rd Party, F & T","A"
"538",0,"50-60","Comprehensive","B"
"539",1,"50-60","Comprehensive","B"
"540",1,"40-49","3rd Party, F & T","B"
"541",1,"30-39","3rd Party, F & T","B"
"542",0,"50-60","Comprehensive","C"
"543",1,"30-39","Comprehensive","B"
"544",0,"40-49","Comprehensive","B"
"545",1,"40-49","Comprehensive","B"
"546",0,"20-29","3rd Party, F & T","B"
"547",1,"40-49","Comprehensive","B"
"548",1,"30-39","3rd Party, F & T","B"
"549",1,"30-39","Comprehensive","A"
"550",0,"30-39","Comprehensive","A"
"551",1,"20-29","Comprehensive","C"
"552",1,"40-49","Comprehensive","B"
"553",1,"40-49","Comprehensive","B"
"554",1,"over 60","3rd Party, F & T","C"
"555",1,"30-39","3rd Party, F & T","C"
"556",0,"40-49","3rd Party, F & T","B"
"557",1,"40-49","Comprehensive","A"
"558",1,"50-60","Comprehensive","B"
"559",1,"40-49","Comprehensive","A"
"560",0,"20-29","3rd Party, F & T","B"
"561",1,"20-29","Comprehensive","B"
"562",1,"20-29","Comprehensive","B"
"563",1,"30-39","Comprehensive","B"
"564",1,"40-49","Comprehensive","B"
"565",1,"30-39","Comprehensive","C"
"566",0,"40-49","Comprehensive","B"
"567",0,"40-49","Comprehensive","A"
"568",1,"20-29","Comprehensive","C"
"569",1,"30-39","Comprehensive","A"
"570",1,"over 60","Comprehensive","C"
"571",1,"40-49","3rd Party, F & T","B"
"572",1,"over 60","3rd Party, F & T","B"
"573",0,"30-39","3rd Party, F & T","C"
"574",1,"over 60","3rd Party, F & T","C"
"575",1,"50-60","3rd Party, F & T","B"
"576",1,"20-29","Comprehensive","B"
"577",0,"40-49","Comprehensive","A"
"578",1,"50-60","Comprehensive","A"
"579",1,"30-39","3rd Party, F & T","C"
"580",1,"30-39","Comprehensive","B"
"581",1,"over 60","3rd Party, F & T","C"
"582",1,"50-60","Comprehensive","B"
"583",1,"over 60","Comprehensive","A"
"584",0,"50-60","3rd Party, F & T","B"
"585",1,"50-60","Comprehensive","C"
"586",1,"30-39","Comprehensive","C"
"587",0,"30-39","3rd Party, F & T","B"
"588",1,"20-29","Comprehensive","B"
"589",0,"30-39","Comprehensive","C"
"590",1,"over 60","3rd Party, F & T","B"
"591",0,"30-39","3rd Party, F & T","B"
"592",1,"40-49","Comprehensive","C"
"593",0,"50-60","Comprehensive","B"
"594",1,"30-39","3rd Party, F & T","A"
"595",1,"30-39","3rd Party, F & T","B"
"596",0,"40-49","Comprehensive","B"
"597",1,"50-60","3rd Party, F & T","B"
"598",1,"50-60","Comprehensive","B"
"599",0,"30-39","Comprehensive","C"
"600",1,"50-60","Comprehensive","C"
"601",0,"30-39","Comprehensive","B"
"602",1,"30-39","Comprehensive","A"
"603",1,"over 60","Comprehensive","A"
"604",1,"over 60","Comprehensive","A"
"605",1,"20-29","Comprehensive","C"
"606",1,"30-39","Comprehensive","B"
"607",0,"50-60","3rd Party, F & T","C"
"608",0,"50-60","Comprehensive","A"
"609",1,"30-39","Comprehensive","B"
"610",0,"over 60","3rd Party, F & T","C"
"611",1,"over 60","Comprehensive","A"
"612",1,"20-29","3rd Party, F & T","A"
"613",1,"30-39","3rd Party, F & T","A"
"614",1,"50-60","3rd Party, F & T","B"
"615",1,"30-39","Comprehensive","A"
"616",1,"30-39","3rd Party, F & T","A"
"617",1,"40-49","3rd Party, F & T","B"
"618",1,"40-49","Comprehensive","A"
"619",1,"30-39","Comprehensive","A"
"620",1,"30-39","3rd Party, F & T","A"
"621",1,"30-39","Comprehensive","C"
"622",1,"30-39","Comprehensive","B"
"623",0,"20-29","Comprehensive","C"
"624",0,"50-60","Comprehensive","A"
"625",1,"30-39","Comprehensive","B"
"626",1,"50-60","Comprehensive","B"
"627",0,"50-60","3rd Party, F & T","A"
"628",1,"40-49","Comprehensive","A"
"629",1,"30-39","Comprehensive","B"
"630",1,"50-60","Comprehensive","C"
"631",1,"20-29","Comprehensive","C"
"632",0,"over 60","Comprehensive","A"
"633",1,"30-39","Comprehensive","B"
"634",0,"30-39","Comprehensive","B"
"635",1,"30-39","Comprehensive","C"
"636",1,"30-39","Comprehensive","B"
"637",0,"30-39","Comprehensive","B"
"638",1,"40-49","Comprehensive","B"
"639",1,"30-39","Comprehensive","C"
"640",1,"50-60","3rd Party, F & T","B"
"641",1,"over 60","Comprehensive","B"
"642",1,"20-29","3rd Party, F & T","B"
"643",0,"20-29","3rd Party, F & T","C"
"644",0,"40-49","3rd Party, F & T","B"
"645",1,"over 60","3rd Party, F & T","B"
"646",1,"over 60","3rd Party, F & T","A"
"647",1,"30-39","3rd Party, F & T","C"
"648",1,"40-49","3rd Party, F & T","A"
"649",1,"30-39","Comprehensive","A"
"650",0,"over 60","Comprehensive","A"
"651",1,"40-49","Comprehensive","A"
"652",1,"over 60","Comprehensive","B"
"653",1,"50-60","Comprehensive","A"
"654",1,"over 60","3rd Party, F & T","B"
"655",1,"30-39","3rd Party, F & T","C"
"656",1,"40-49","Comprehensive","C"
"657",1,"30-39","Comprehensive","B"
"658",0,"40-49","3rd Party, F & T","B"
"659",1,"50-60","Comprehensive","B"
"660",0,"50-60","3rd Party, F & T","A"
"661",1,"30-39","Comprehensive","C"
"662",1,"40-49","Comprehensive","C"
"663",1,"50-60","Comprehensive","B"
"664",1,"30-39","Comprehensive","B"
"665",1,"30-39","Comprehensive","A"
"666",0,"over 60","3rd Party, F & T","B"
"667",0,"40-49","3rd Party, F & T","B"
"668",1,"50-60","Comprehensive","C"
"669",1,"50-60","3rd Party, F & T","B"
"670",0,"40-49","3rd Party, F & T","A"
"671",1,"40-49","3rd Party, F & T","B"
"672",1,"over 60","Comprehensive","A"
"673",1,"30-39","3rd Party, F & T","C"
"674",1,"30-39","Comprehensive","C"
"675",1,"30-39","Comprehensive","C"
"676",1,"40-49","Comprehensive","B"
"677",1,"40-49","3rd Party, F & T","B"
"678",1,"40-49","Comprehensive","A"
"679",1,"over 60","3rd Party, F & T","A"
"680",1,"50-60","Comprehensive","B"
"681",1,"50-60","Comprehensive","C"
"682",0,"30-39","Comprehensive","A"
"683",1,"30-39","Comprehensive","B"
"684",1,"50-60","Comprehensive","C"
"685",1,"40-49","3rd Party, F & T","C"
"686",1,"30-39","Comprehensive","A"
"687",1,"30-39","Comprehensive","B"
"688",1,"40-49","Comprehensive","A"
"689",0,"50-60","3rd Party, F & T","A"
"690",1,"20-29","3rd Party, F & T","A"
"691",1,"20-29","Comprehensive","A"
"692",0,"30-39","Comprehensive","B"
"693",1,"30-39","Comprehensive","B"
"694",1,"30-39","Comprehensive","B"
"695",1,"50-60","Comprehensive","A"
"696",1,"over 60","Comprehensive","C"
"697",1,"50-60","Comprehensive","B"
"698",1,"30-39","Comprehensive","A"
"699",1,"40-49","Comprehensive","B"
"700",1,"30-39","Comprehensive","B"
"701",0,"over 60","3rd Party, F & T","B"
"702",1,"30-39","Comprehensive","B"
"703",1,"over 60","3rd Party, F & T","B"
"704",0,"over 60","Comprehensive","B"
"705",1,"20-29","Comprehensive","A"
"706",0,"20-29","Comprehensive","C"
"707",0,"40-49","Comprehensive","C"
"708",0,"20-29","3rd Party, F & T","B"
"709",0,"40-49","Comprehensive","B"
"710",1,"40-49","Comprehensive","B"
"711",1,"over 60","3rd Party, F & T","A"
"712",1,"over 60","3rd Party, F & T","C"
"713",0,"over 60","Comprehensive","A"
"714",1,"over 60","3rd Party, F & T","B"
"715",1,"50-60","Comprehensive","B"
"716",0,"30-39","Comprehensive","B"
"717",1,"over 60","Comprehensive","B"
"718",1,"40-49","Comprehensive","A"
"719",1,"30-39","3rd Party, F & T","A"
"720",0,"50-60","Comprehensive","B"
"721",0,"40-49","3rd Party, F & T","A"
"722",0,"over 60","Comprehensive","B"
"723",1,"over 60","Comprehensive","A"
"724",0,"20-29","Comprehensive","A"
"725",1,"50-60","3rd Party, F & T","A"
"726",1,"20-29","Comprehensive","B"
"727",1,"40-49","3rd Party, F & T","B"
"728",0,"50-60","Comprehensive","B"
"729",1,"50-60","Comprehensive","C"
"730",1,"50-60","Comprehensive","B"
"731",1,"50-60","Comprehensive","A"
"732",0,"20-29","3rd Party, F & T","C"
"733",1,"40-49","Comprehensive","A"
"734",0,"50-60","3rd Party, F & T","A"
"735",0,"30-39","Comprehensive","C"
"736",1,"over 60","Comprehensive","B"
"737",1,"over 60","Comprehensive","A"
"738",1,"50-60","Comprehensive","B"
"739",1,"20-29","Comprehensive","A"
"740",1,"30-39","Comprehensive","B"
"741",0,"20-29","Comprehensive","A"
"742",1,"40-49","Comprehensive","C"
"743",1,"30-39","3rd Party, F & T","A"
"744",1,"50-60","3rd Party, F & T","C"
"745",1,"50-60","3rd Party, F & T","B"
"746",1,"20-29","Comprehensive","B"
"747",1,"20-29","3rd Party, F & T","B"
"748",1,"over 60","3rd Party, F & T","A"
"749",1,"50-60","Comprehensive","B"
"750",1,"30-39","3rd Party, F & T","A"
"751",1,"20-29","Comprehensive","A"
"752",1,"over 60","Comprehensive","C"
"753",1,"20-29","Comprehensive","B"
"754",1,"40-49","Comprehensive","B"
"755",0,"40-49","3rd Party, F & T","B"
"756",1,"over 60","3rd Party, F & T","B"
"757",1,"20-29","Comprehensive","B"
"758",0,"30-39","Comprehensive","A"
"759",1,"over 60","Comprehensive","B"
"760",1,"20-29","Comprehensive","B"
"761",1,"50-60","Comprehensive","B"
"762",1,"40-49","3rd Party, F & T","A"
"763",1,"40-49","Comprehensive","A"
"764",1,"20-29","Comprehensive","C"
"765",1,"30-39","Comprehensive","B"
"766",1,"30-39","Comprehensive","C"
"767",1,"over 60","Comprehensive","A"
"768",1,"30-39","Comprehensive","A"
"769",1,"30-39","Comprehensive","A"
"770",1,"over 60","Comprehensive","B"
"771",1,"40-49","Comprehensive","B"
"772",0,"20-29","Comprehensive","A"
"773",1,"50-60","3rd Party, F & T","A"
"774",1,"50-60","Comprehensive","A"
"775",1,"30-39","3rd Party, F & T","A"
"776",1,"50-60","3rd Party, F & T","B"
"777",0,"30-39","Comprehensive","B"
"778",1,"30-39","Comprehensive","C"
"779",1,"30-39","Comprehensive","A"
"780",0,"40-49","Comprehensive","B"
"781",1,"20-29","Comprehensive","A"
"782",1,"30-39","3rd Party, F & T","C"
"783",1,"20-29","Comprehensive","B"
"784",1,"over 60","Comprehensive","B"
"785",0,"30-39","Comprehensive","B"
"786",1,"over 60","3rd Party, F & T","B"
"787",1,"30-39","3rd Party, F & T","B"
"788",1,"30-39","Comprehensive","B"
"789",1,"40-49","Comprehensive","A"
"790",0,"30-39","Comprehensive","B"
"791",0,"30-39","3rd Party, F & T","A"
"792",1,"40-49","3rd Party, F & T","B"
"793",0,"over 60","3rd Party, F & T","B"
"794",1,"40-49","3rd Party, F & T","B"
"795",1,"30-39","Comprehensive","C"
"796",1,"over 60","Comprehensive","A"
"797",1,"over 60","3rd Party, F & T","A"
"798",1,"30-39","3rd Party, F & T","B"
"799",1,"40-49","3rd Party, F & T","A"
"800",1,"20-29","3rd Party, F & T","A"
"801",1,"50-60","Comprehensive","A"
"802",1,"50-60","Comprehensive","A"
"803",1,"40-49","Comprehensive","C"
"804",1,"20-29","Comprehensive","C"
"805",1,"30-39","3rd Party, F & T","B"
"806",1,"50-60","3rd Party, F & T","B"
"807",1,"over 60","3rd Party, F & T","B"
"808",1,"over 60","Comprehensive","A"
"809",0,"40-49","Comprehensive","B"
"810",1,"50-60","Comprehensive","C"
"811",0,"over 60","3rd Party, F & T","B"
"812",0,"30-39","3rd Party, F & T","B"
"813",1,"40-49","3rd Party, F & T","B"
"814",0,"over 60","3rd Party, F & T","C"
"815",1,"over 60","Comprehensive","A"
"816",1,"over 60","3rd Party, F & T","A"
"817",1,"20-29","Comprehensive","C"
"818",1,"over 60","Comprehensive","B"
"819",0,"40-49","3rd Party, F & T","B"
"820",0,"40-49","Comprehensive","B"
"821",1,"over 60","3rd Party, F & T","B"
"822",1,"30-39","Comprehensive","A"
"823",1,"50-60","3rd Party, F & T","A"
"824",1,"50-60","Comprehensive","C"
"825",1,"over 60","3rd Party, F & T","B"
"826",1,"30-39","Comprehensive","A"
"827",1,"50-60","3rd Party, F & T","A"
"828",1,"50-60","3rd Party, F & T","C"
"829",0,"40-49","Comprehensive","B"
"830",1,"over 60","3rd Party, F & T","C"
"831",1,"20-29","3rd Party, F & T","A"
"832",1,"30-39","Comprehensive","B"
"833",1,"40-49","Comprehensive","B"
"834",1,"50-60","3rd Party, F & T","B"
"835",1,"over 60","Comprehensive","B"
"836",1,"30-39","Comprehensive","C"
"837",1,"20-29","Comprehensive","B"
"838",1,"40-49","Comprehensive","B"
"839",0,"over 60","Comprehensive","B"
"840",1,"over 60","Comprehensive","B"
"841",1,"over 60","Comprehensive","A"
"842",1,"40-49","Comprehensive","B"
"843",1,"40-49","Comprehensive","A"
"844",1,"40-49","Comprehensive","B"
"845",0,"50-60","3rd Party, F & T","B"
"846",1,"50-60","Comprehensive","A"
"847",0,"30-39","3rd Party, F & T","B"
"848",1,"over 60","Comprehensive","B"
"849",1,"30-39","3rd Party, F & T","B"
"850",1,"over 60","Comprehensive","B"
"851",1,"50-60","Comprehensive","A"
"852",1,"40-49","Comprehensive","B"
"853",1,"over 60","Comprehensive","C"
"854",1,"40-49","Comprehensive","A"
"855",1,"over 60","3rd Party, F & T","A"
"856",0,"over 60","Comprehensive","C"
"857",0,"20-29","Comprehensive","B"
"858",1,"40-49","3rd Party, F & T","C"
"859",1,"30-39","Comprehensive","B"
"860",1,"40-49","Comprehensive","C"
"861",0,"40-49","3rd Party, F & T","C"
"862",1,"40-49","Comprehensive","B"
"863",1,"30-39","3rd Party, F & T","A"
"864",1,"50-60","Comprehensive","B"
"865",1,"over 60","Comprehensive","B"
"866",1,"over 60","3rd Party, F & T","A"
"867",1,"20-29","Comprehensive","B"
"868",1,"over 60","Comprehensive","C"
"869",1,"40-49","Comprehensive","A"
"870",1,"over 60","Comprehensive","B"
"871",1,"40-49","3rd Party, F & T","B"
"872",1,"over 60","Comprehensive","B"
"873",1,"20-29","Comprehensive","C"
"874",1,"50-60","3rd Party, F & T","C"
"875",1,"20-29","3rd Party, F & T","A"
"876",1,"40-49","Comprehensive","B"
"877",1,"over 60","Comprehensive","A"
"878",1,"40-49","Comprehensive","B"
"879",0,"40-49","Comprehensive","C"
"880",1,"40-49","Comprehensive","A"
"881",1,"over 60","3rd Party, F & T","B"
"882",1,"50-60","3rd Party, F & T","A"
"883",1,"30-39","3rd Party, F & T","B"
"884",1,"over 60","Comprehensive","A"
"885",1,"20-29","Comprehensive","B"
"886",0,"20-29","Comprehensive","B"
"887",0,"20-29","Comprehensive","C"
"888",0,"50-60","3rd Party, F & T","C"
"889",1,"30-39","Comprehensive","B"
"890",1,"50-60","Comprehensive","A"
"891",1,"30-39","Comprehensive","B"
"892",1,"over 60","Comprehensive","A"
"893",1,"30-39","3rd Party, F & T","B"
"894",0,"over 60","Comprehensive","B"
"895",1,"40-49","Comprehensive","B"
"896",1,"over 60","3rd Party, F & T","B"
"897",1,"40-49","Comprehensive","A"
"898",1,"40-49","Comprehensive","B"
"899",1,"30-39","3rd Party, F & T","B"
"900",1,"40-49","Comprehensive","B"
"901",1,"50-60","3rd Party, F & T","B"
"902",1,"30-39","Comprehensive","B"
"903",1,"50-60","Comprehensive","C"
"904",1,"30-39","Comprehensive","B"
"905",1,"30-39","Comprehensive","B"
"906",1,"20-29","3rd Party, F & T","C"
"907",1,"40-49","Comprehensive","A"
"908",1,"over 60","3rd Party, F & T","A"
"909",1,"30-39","3rd Party, F & T","B"
"910",1,"50-60","Comprehensive","A"
"911",0,"20-29","3rd Party, F & T","A"
"912",0,"40-49","3rd Party, F & T","C"
"913",1,"30-39","Comprehensive","B"
"914",0,"40-49","Comprehensive","B"
"915",1,"over 60","3rd Party, F & T","B"
"916",0,"30-39","3rd Party, F & T","C"
"917",1,"50-60","3rd Party, F & T","C"
"918",1,"40-49","Comprehensive","B"
"919",1,"50-60","3rd Party, F & T","B"
"920",1,"40-49","Comprehensive","B"
"921",1,"40-49","3rd Party, F & T","A"
"922",1,"30-39","Comprehensive","A"
"923",1,"50-60","Comprehensive","B"
"924",0,"50-60","Comprehensive","A"
"925",1,"over 60","Comprehensive","C"
"926",1,"40-49","Comprehensive","B"
"927",1,"30-39","3rd Party, F & T","A"
"928",1,"over 60","Comprehensive","B"
"929",1,"50-60","Comprehensive","C"
"930",1,"20-29","Comprehensive","B"
"931",1,"over 60","Comprehensive","B"
"932",1,"40-49","3rd Party, F & T","C"
"933",1,"over 60","3rd Party, F & T","C"
"934",1,"over 60","3rd Party, F & T","B"
"935",1,"over 60","Comprehensive","C"
"936",0,"30-39","Comprehensive","C"
"937",0,"20-29","Comprehensive","C"
"938",1,"over 60","3rd Party, F & T","C"
"939",1,"50-60","Comprehensive","B"
"940",0,"20-29","3rd Party, F & T","A"
"941",1,"30-39","Comprehensive","B"
"942",0,"40-49","3rd Party, F & T","B"
"943",1,"40-49","Comprehensive","C"
"944",0,"40-49","Comprehensive","B"
"945",0,"over 60","3rd Party, F & T","A"
"946",0,"30-39","Comprehensive","C"
"947",0,"20-29","Comprehensive","A"
"948",1,"30-39","Comprehensive","C"
"949",1,"30-39","Comprehensive","B"
"950",0,"50-60","3rd Party, F & T","C"
"951",1,"50-60","3rd Party, F & T","C"
"952",1,"20-29","Comprehensive","B"
"953",0,"20-29","3rd Party, F & T","B"
"954",0,"over 60","3rd Party, F & T","B"
"955",1,"30-39","Comprehensive","B"
"956",1,"40-49","Comprehensive","A"
"957",1,"over 60","Comprehensive","B"
"958",0,"30-39","3rd Party, F & T","B"
"959",1,"20-29","Comprehensive","A"
"960",1,"30-39","Comprehensive","B"
"961",0,"20-29","3rd Party, F & T","A"
"962",1,"40-49","Comprehensive","B"
"963",1,"40-49","Comprehensive","A"
"964",1,"40-49","Comprehensive","A"
"965",1,"50-60","Comprehensive","B"
"966",1,"30-39","Comprehensive","A"
"967",0,"30-39","3rd Party, F & T","A"
"968",1,"50-60","Comprehensive","B"
"969",1,"30-39","Comprehensive","C"
"970",0,"over 60","3rd Party, F & T","B"
"971",1,"over 60","3rd Party, F & T","B"
"972",0,"40-49","Comprehensive","B"
"973",0,"40-49","Comprehensive","C"
"974",1,"20-29","Comprehensive","B"
"975",1,"40-49","Comprehensive","B"
"976",1,"30-39","Comprehensive","A"
"977",1,"over 60","3rd Party, F & T","B"
"978",1,"30-39","Comprehensive","B"
"979",1,"50-60","Comprehensive","B"
"980",1,"50-60","3rd Party, F & T","A"
"981",1,"50-60","3rd Party, F & T","B"
"982",1,"40-49","Comprehensive","B"
"983",0,"40-49","3rd Party, F & T","C"
"984",1,"50-60","Comprehensive","B"
"985",1,"50-60","Comprehensive","B"
"986",1,"30-39","Comprehensive","A"
"987",1,"over 60","Comprehensive","A"
"988",1,"50-60","Comprehensive","B"
"989",0,"30-39","3rd Party, F & T","B"
"990",1,"50-60","Comprehensive","B"
"991",0,"40-49","Comprehensive","B"
"992",1,"over 60","Comprehensive","B"
"993",1,"20-29","Comprehensive","A"
"994",1,"30-39","Comprehensive","B"
"995",0,"40-49","Comprehensive","A"
"996",1,"30-39","Comprehensive","B"
"997",1,"50-60","Comprehensive","C"
"998",1,"40-49","3rd Party, F & T","B"
"999",1,"30-39","3rd Party, F & T","B"
"1000",1,"over 60","3rd Party, F & T","A"
"1001",1,"50-60","3rd Party, F & T","B"
"1002",1,"30-39","3rd Party, F & T","C"
"1003",1,"30-39","Comprehensive","C"
"1004",1,"30-39","Comprehensive","A"
"1005",1,"30-39","3rd Party, F & T","C"
"1006",1,"50-60","Comprehensive","C"
"1007",1,"50-60","Comprehensive","A"
"1008",0,"30-39","Comprehensive","B"
"1009",1,"40-49","3rd Party, F & T","B"
"1010",1,"40-49","Comprehensive","B"
"1011",1,"30-39","Comprehensive","A"
"1012",1,"30-39","3rd Party, F & T","B"
"1013",1,"30-39","Comprehensive","A"
"1014",1,"30-39","Comprehensive","A"
"1015",1,"20-29","Comprehensive","A"
"1016",1,"50-60","Comprehensive","C"
"1017",1,"over 60","Comprehensive","B"
"1018",1,"30-39","3rd Party, F & T","B"
"1019",0,"50-60","Comprehensive","B"
"1020",1,"40-49","Comprehensive","A"
"1021",1,"40-49","Comprehensive","B"
"1022",1,"over 60","Comprehensive","A"
"1023",1,"30-39","Comprehensive","A"
"1024",1,"40-49","3rd Party, F & T","B"
"1025",1,"20-29","3rd Party, F & T","A"
"1026",1,"40-49","Comprehensive","A"
"1027",1,"30-39","Comprehensive","B"
"1028",1,"30-39","3rd Party, F & T","A"
"1029",1,"50-60","3rd Party, F & T","C"
"1030",0,"over 60","3rd Party, F & T","A"
"1031",0,"30-39","Comprehensive","B"
"1032",0,"over 60","3rd Party, F & T","B"
"1033",0,"over 60","Comprehensive","C"
"1034",1,"40-49","Comprehensive","B"
"1035",1,"40-49","Comprehensive","B"
"1036",1,"30-39","Comprehensive","B"
"1037",1,"30-39","Comprehensive","C"
"1038",1,"50-60","Comprehensive","A"
"1039",0,"30-39","3rd Party, F & T","A"
"1040",1,"over 60","Comprehensive","B"
"1041",0,"30-39","Comprehensive","B"
"1042",1,"30-39","Comprehensive","B"
"1043",0,"40-49","Comprehensive","C"
"1044",1,"over 60","Comprehensive","B"
"1045",1,"30-39","3rd Party, F & T","A"
"1046",1,"over 60","3rd Party, F & T","C"
"1047",1,"over 60","3rd Party, F & T","A"
"1048",1,"50-60","3rd Party, F & T","A"
"1049",1,"40-49","Comprehensive","B"
"1050",1,"50-60","Comprehensive","C"
"1051",1,"over 60","3rd Party, F & T","B"
"1052",1,"50-60","Comprehensive","B"
"1053",1,"50-60","Comprehensive","B"
"1054",0,"40-49","3rd Party, F & T","B"
"1055",1,"30-39","Comprehensive","B"
"1056",0,"40-49","Comprehensive","C"
"1057",0,"50-60","Comprehensive","B"
"1058",1,"50-60","3rd Party, F & T","A"
"1059",1,"40-49","3rd Party, F & T","B"
"1060",1,"30-39","Comprehensive","B"
"1061",1,"40-49","3rd Party, F & T","A"
"1062",1,"30-39","3rd Party, F & T","C"
"1063",0,"20-29","Comprehensive","B"
"1064",1,"30-39","Comprehensive","B"
"1065",1,"50-60","Comprehensive","C"
"1066",0,"30-39","Comprehensive","B"
"1067",0,"40-49","3rd Party, F & T","C"
"1068",1,"over 60","Comprehensive","B"
"1069",1,"40-49","3rd Party, F & T","B"
"1070",1,"40-49","3rd Party, F & T","B"
"1071",1,"over 60","Comprehensive","C"
"1072",1,"30-39","Comprehensive","A"
"1073",1,"over 60","3rd Party, F & T","B"
"1074",1,"30-39","3rd Party, F & T","B"
"1075",1,"40-49","Comprehensive","B"
"1076",1,"50-60","3rd Party, F & T","A"
"1077",1,"50-60","Comprehensive","B"
"1078",1,"50-60","Comprehensive","B"
"1079",1,"50-60","3rd Party, F & T","A"
"1080",0,"over 60","3rd Party, F & T","B"
"1081",0,"over 60","Comprehensive","B"
"1082",1,"30-39","Comprehensive","A"
"1083",1,"20-29","3rd Party, F & T","B"
"1084",0,"over 60","3rd Party, F & T","A"
"1085",1,"over 60","Comprehensive","B"
"1086",1,"50-60","3rd Party, F & T","B"
"1087",1,"50-60","Comprehensive","B"
"1088",1,"40-49","Comprehensive","B"
"1089",1,"30-39","Comprehensive","A"
"1090",1,"20-29","Comprehensive","C"
"1091",1,"20-29","Comprehensive","A"
"1092",0,"30-39","Comprehensive","B"
"1093",1,"40-49","3rd Party, F & T","C"
"1094",1,"50-60","3rd Party, F & T","A"
"1095",0,"over 60","3rd Party, F & T","B"
"1096",1,"30-39","3rd Party, F & T","B"
"1097",1,"50-60","Comprehensive","B"
"1098",1,"50-60","3rd Party, F & T","C"
"1099",0,"30-39","Comprehensive","C"
"1100",1,"30-39","Comprehensive","B"
"1101",1,"over 60","3rd Party, F & T","B"
"1102",1,"20-29","Comprehensive","B"
"1103",1,"50-60","Comprehensive","B"
"1104",0,"30-39","Comprehensive","A"
"1105",1,"over 60","Comprehensive","A"
"1106",1,"40-49","Comprehensive","B"
"1107",1,"40-49","3rd Party, F & T","B"
"1108",1,"30-39","3rd Party, F & T","B"
"1109",1,"over 60","Comprehensive","A"
"1110",1,"30-39","3rd Party, F & T","A"
"1111",1,"over 60","Comprehensive","A"
"1112",0,"30-39","Comprehensive","B"
"1113",1,"30-39","3rd Party, F & T","B"
"1114",1,"50-60","3rd Party, F & T","A"
"1115",1,"40-49","Comprehensive","B"
"1116",1,"over 60","Comprehensive","B"
"1117",1,"30-39","3rd Party, F & T","B"
"1118",1,"50-60","Comprehensive","B"
"1119",1,"30-39","Comprehensive","B"
"1120",0,"30-39","Comprehensive","A"
"1121",0,"40-49","3rd Party, F & T","B"
"1122",1,"20-29","3rd Party, F & T","B"
"1123",1,"30-39","3rd Party, F & T","B"
"1124",1,"over 60","Comprehensive","B"
"1125",0,"20-29","Comprehensive","C"
"1126",1,"40-49","3rd Party, F & T","B"
"1127",1,"40-49","3rd Party, F & T","B"
"1128",1,"30-39","3rd Party, F & T","B"
"1129",0,"20-29","3rd Party, F & T","A"
"1130",0,"30-39","Comprehensive","B"
"1131",1,"40-49","Comprehensive","B"
"1132",0,"30-39","Comprehensive","B"
"1133",1,"40-49","Comprehensive","B"
"1134",0,"30-39","3rd Party, F & T","B"
"1135",1,"20-29","Comprehensive","B"
"1136",1,"50-60","Comprehensive","A"
"1137",1,"over 60","3rd Party, F & T","A"
"1138",1,"50-60","Comprehensive","B"
"1139",1,"30-39","3rd Party, F & T","B"
"1140",1,"over 60","3rd Party, F & T","B"
"1141",1,"50-60","Comprehensive","C"
"1142",0,"30-39","3rd Party, F & T","B"
"1143",1,"30-39","Comprehensive","A"
"1144",1,"30-39","3rd Party, F & T","C"
"1145",0,"40-49","Comprehensive","C"
"1146",1,"over 60","Comprehensive","B"
"1147",1,"30-39","3rd Party, F & T","B"
"1148",0,"over 60","Comprehensive","A"
"1149",1,"30-39","Comprehensive","A"
"1150",1,"50-60","Comprehensive","B"
"1151",1,"30-39","3rd Party, F & T","B"
"1152",1,"over 60","Comprehensive","B"
"1153",0,"over 60","3rd Party, F & T","A"
"1154",1,"over 60","Comprehensive","C"
"1155",1,"50-60","Comprehensive","C"
"1156",1,"30-39","Comprehensive","C"
"1157",1,"over 60","3rd Party, F & T","B"
"1158",1,"50-60","Comprehensive","B"
"1159",1,"30-39","3rd Party, F & T","B"
"1160",1,"over 60","Comprehensive","C"
"1161",1,"30-39","Comprehensive","C"
"1162",1,"over 60","3rd Party, F & T","C"
"1163",1,"40-49","Comprehensive","B"
"1164",1,"30-39","Comprehensive","B"
"1165",1,"50-60","Comprehensive","B"
"1166",1,"over 60","Comprehensive","C"
"1167",1,"over 60","Comprehensive","B"
"1168",1,"20-29","Comprehensive","B"
"1169",1,"30-39","Comprehensive","B"
"1170",1,"50-60","Comprehensive","B"
"1171",1,"30-39","Comprehensive","B"
"1172",1,"over 60","Comprehensive","B"
"1173",1,"over 60","Comprehensive","B"
"1174",1,"20-29","Comprehensive","B"
"1175",1,"40-49","Comprehensive","B"
"1176",1,"20-29","3rd Party, F & T","B"
"1177",1,"20-29","Comprehensive","C"
"1178",1,"30-39","Comprehensive","A"
"1179",1,"40-49","Comprehensive","B"
"1180",1,"30-39","Comprehensive","A"
"1181",1,"30-39","Comprehensive","B"
"1182",1,"30-39","Comprehensive","B"
"1183",1,"over 60","Comprehensive","B"
"1184",1,"50-60","Comprehensive","B"
"1185",1,"30-39","Comprehensive","C"
"1186",1,"20-29","Comprehensive","C"
"1187",1,"40-49","Comprehensive","B"
"1188",1,"50-60","Comprehensive","B"
"1189",1,"50-60","Comprehensive","C"
"1190",1,"40-49","3rd Party, F & T","C"
"1191",1,"30-39","Comprehensive","A"
"1192",1,"30-39","3rd Party, F & T","A"
"1193",1,"40-49","3rd Party, F & T","B"
"1194",1,"over 60","Comprehensive","B"
"1195",0,"50-60","3rd Party, F & T","B"
"1196",0,"40-49","Comprehensive","B"
"1197",1,"30-39","Comprehensive","A"
"1198",1,"40-49","Comprehensive","C"
"1199",1,"40-49","3rd Party, F & T","B"
"1200",1,"over 60","Comprehensive","C"
"1201",1,"30-39","Comprehensive","B"
"1202",1,"40-49","3rd Party, F & T","A"
"1203",1,"50-60","3rd Party, F & T","A"
"1204",1,"30-39","Comprehensive","A"
"1205",1,"50-60","Comprehensive","A"
"1206",1,"30-39","3rd Party, F & T","A"
"1207",1,"40-49","Comprehensive","A"
"1208",1,"20-29","Comprehensive","A"
"1209",0,"50-60","Comprehensive","B"
"1210",1,"50-60","Comprehensive","A"
"1211",1,"40-49","3rd Party, F & T","B"
"1212",0,"40-49","Comprehensive","B"
"1213",1,"40-49","3rd Party, F & T","B"
"1214",1,"30-39","3rd Party, F & T","A"
"1215",1,"50-60","Comprehensive","A"
"1216",1,"30-39","Comprehensive","B"
"1217",1,"30-39","3rd Party, F & T","A"
"1218",0,"20-29","Comprehensive","A"
"1219",1,"20-29","3rd Party, F & T","A"
"1220",1,"20-29","3rd Party, F & T","B"
"1221",1,"20-29","Comprehensive","B"
"1222",0,"20-29","3rd Party, F & T","C"
"1223",1,"50-60","Comprehensive","B"
"1224",1,"40-49","Comprehensive","C"
"1225",1,"40-49","Comprehensive","B"
"1226",1,"over 60","Comprehensive","B"
"1227",1,"20-29","Comprehensive","C"
"1228",1,"30-39","3rd Party, F & T","B"
"1229",1,"40-49","Comprehensive","B"
"1230",1,"30-39","Comprehensive","B"
"1231",1,"over 60","Comprehensive","B"
"1232",1,"40-49","3rd Party, F & T","B"
"1233",1,"40-49","Comprehensive","A"
"1234",1,"30-39","Comprehensive","A"
"1235",0,"30-39","Comprehensive","C"
"1236",1,"over 60","Comprehensive","C"
"1237",1,"40-49","Comprehensive","C"
"1238",1,"40-49","Comprehensive","B"
"1239",1,"20-29","Comprehensive","A"
"1240",1,"50-60","3rd Party, F & T","B"
"1241",1,"50-60","Comprehensive","B"
"1242",1,"20-29","3rd Party, F & T","A"
"1243",1,"40-49","Comprehensive","A"
"1244",1,"30-39","Comprehensive","B"
"1245",1,"over 60","3rd Party, F & T","B"
"1246",1,"20-29","3rd Party, F & T","C"
"1247",1,"50-60","Comprehensive","A"
"1248",1,"30-39","Comprehensive","A"
"1249",1,"50-60","3rd Party, F & T","C"
"1250",0,"over 60","3rd Party, F & T","B"
"1251",1,"40-49","Comprehensive","A"
"1252",1,"40-49","Comprehensive","C"
"1253",1,"30-39","Comprehensive","B"
"1254",0,"over 60","3rd Party, F & T","A"
"1255",1,"50-60","3rd Party, F & T","B"
"1256",1,"50-60","3rd Party, F & T","B"
"1257",0,"40-49","Comprehensive","B"
"1258",1,"40-49","Comprehensive","B"
"1259",1,"40-49","3rd Party, F & T","A"
"1260",1,"over 60","Comprehensive","B"
"1261",0,"50-60","3rd Party, F & T","C"
"1262",0,"40-49","3rd Party, F & T","B"
"1263",1,"over 60","3rd Party, F & T","A"
"1264",1,"over 60","3rd Party, F & T","B"
"1265",1,"over 60","Comprehensive","C"
"1266",1,"40-49","Comprehensive","B"
"1267",1,"20-29","Comprehensive","C"
"1268",0,"20-29","Comprehensive","A"
"1269",1,"over 60","Comprehensive","B"
"1270",0,"20-29","3rd Party, F & T","B"
"1271",1,"over 60","3rd Party, F & T","C"
"1272",1,"50-60","Comprehensive","B"
"1273",1,"50-60","Comprehensive","B"
"1274",0,"over 60","3rd Party, F & T","A"
"1275",0,"30-39","Comprehensive","B"
"1276",1,"30-39","3rd Party, F & T","B"
"1277",1,"50-60","3rd Party, F & T","B"
"1278",1,"over 60","Comprehensive","C"
"1279",1,"20-29","3rd Party, F & T","B"
"1280",1,"over 60","Comprehensive","A"
"1281",1,"50-60","Comprehensive","B"
"1282",0,"30-39","3rd Party, F & T","A"
"1283",1,"50-60","3rd Party, F & T","C"
"1284",1,"40-49","3rd Party, F & T","C"
"1285",0,"over 60","3rd Party, F & T","B"
"1286",1,"30-39","Comprehensive","C"
"1287",0,"20-29","Comprehensive","B"
"1288",1,"30-39","Comprehensive","C"
"1289",1,"over 60","Comprehensive","A"
"1290",0,"40-49","3rd Party, F & T","B"
"1291",1,"30-39","3rd Party, F & T","B"
"1292",0,"30-39","3rd Party, F & T","C"
"1293",1,"over 60","3rd Party, F & T","C"
"1294",1,"30-39","Comprehensive","B"
"1295",1,"40-49","Comprehensive","B"
"1296",0,"30-39","3rd Party, F & T","B"
"1297",1,"50-60","Comprehensive","B"
"1298",1,"30-39","Comprehensive","B"
"1299",1,"30-39","3rd Party, F & T","B"
"1300",1,"20-29","Comprehensive","A"
"1301",1,"20-29","3rd Party, F & T","B"
"1302",1,"20-29","3rd Party, F & T","B"
"1303",0,"50-60","3rd Party, F & T","A"
"1304",1,"30-39","Comprehensive","A"
"1305",1,"50-60","Comprehensive","B"
"1306",1,"over 60","Comprehensive","A"
"1307",1,"50-60","Comprehensive","B"
"1308",1,"50-60","Comprehensive","B"
"1309",1,"over 60","Comprehensive","B"
"1310",1,"30-39","Comprehensive","B"
"1311",1,"40-49","3rd Party, F & T","A"
"1312",0,"30-39","3rd Party, F & T","B"
"1313",1,"over 60","3rd Party, F & T","A"
"1314",1,"20-29","3rd Party, F & T","A"
"1315",0,"30-39","3rd Party, F & T","B"
"1316",1,"over 60","Comprehensive","A"
"1317",1,"30-39","Comprehensive","A"
"1318",1,"50-60","Comprehensive","B"
"1319",1,"30-39","3rd Party, F & T","B"
"1320",1,"over 60","Comprehensive","C"
"1321",1,"20-29","3rd Party, F & T","B"
"1322",1,"50-60","Comprehensive","A"
"1323",1,"30-39","3rd Party, F & T","B"
"1324",1,"30-39","Comprehensive","B"
"1325",1,"20-29","Comprehensive","B"
"1326",1,"30-39","Comprehensive","C"
"1327",1,"20-29","3rd Party, F & T","C"
"1328",1,"over 60","Comprehensive","C"
"1329",0,"50-60","3rd Party, F & T","B"
"1330",1,"40-49","Comprehensive","B"
"1331",1,"over 60","Comprehensive","A"
"1332",0,"50-60","3rd Party, F & T","B"
"1333",1,"30-39","Comprehensive","C"
"1334",1,"50-60","Comprehensive","C"
"1335",1,"40-49","Comprehensive","C"
"1336",1,"over 60","Comprehensive","B"
"1337",1,"30-39","Comprehensive","C"
"1338",1,"50-60","Comprehensive","C"
"1339",1,"50-60","Comprehensive","A"
"1340",1,"50-60","Comprehensive","B"
"1341",1,"30-39","Comprehensive","A"
"1342",1,"50-60","Comprehensive","B"
"1343",1,"30-39","Comprehensive","B"
"1344",1,"20-29","Comprehensive","A"
"1345",1,"30-39","Comprehensive","B"
"1346",1,"30-39","Comprehensive","C"
"1347",1,"over 60","3rd Party, F & T","C"
"1348",0,"over 60","Comprehensive","C"
"1349",1,"40-49","Comprehensive","A"
"1350",1,"50-60","Comprehensive","A"
"1351",1,"50-60","3rd Party, F & T","B"
"1352",1,"50-60","3rd Party, F & T","C"
"1353",1,"over 60","3rd Party, F & T","B"
"1354",1,"20-29","Comprehensive","A"
"1355",1,"30-39","Comprehensive","B"
"1356",1,"30-39","Comprehensive","B"
"1357",0,"over 60","Comprehensive","C"
"1358",1,"30-39","3rd Party, F & T","C"
"1359",1,"50-60","Comprehensive","B"
"1360",0,"30-39","Comprehensive","B"
"1361",1,"40-49","Comprehensive","B"
"1362",1,"over 60","Comprehensive","B"
"1363",1,"50-60","Comprehensive","C"
"1364",1,"30-39","Comprehensive","A"
"1365",1,"50-60","3rd Party, F & T","B"
"1366",1,"40-49","Comprehensive","C"
"1367",0,"40-49","Comprehensive","C"
"1368",1,"40-49","3rd Party, F & T","B"
"1369",1,"20-29","3rd Party, F & T","A"
"1370",1,"30-39","3rd Party, F & T","A"
"1371",1,"30-39","Comprehensive","A"
"1372",0,"30-39","Comprehensive","A"
"1373",0,"30-39","Comprehensive","B"
"1374",0,"40-49","Comprehensive","A"
"1375",1,"over 60","Comprehensive","C"
"1376",0,"over 60","Comprehensive","A"
"1377",0,"40-49","3rd Party, F & T","B"
"1378",1,"50-60","Comprehensive","A"
"1379",1,"30-39","3rd Party, F & T","B"
"1380",1,"over 60","Comprehensive","B"
"1381",0,"over 60","Comprehensive","B"
"1382",0,"over 60","Comprehensive","C"
"1383",1,"40-49","Comprehensive","C"
"1384",0,"over 60","Comprehensive","B"
"1385",1,"30-39","Comprehensive","B"
"1386",1,"30-39","3rd Party, F & T","A"
"1387",0,"50-60","Comprehensive","A"
"1388",1,"40-49","3rd Party, F & T","B"
"1389",1,"30-39","3rd Party, F & T","B"
"1390",1,"30-39","3rd Party, F & T","B"
"1391",0,"over 60","Comprehensive","A"
"1392",0,"over 60","3rd Party, F & T","A"
"1393",0,"over 60","Comprehensive","B"
"1394",1,"over 60","Comprehensive","C"
"1395",1,"over 60","Comprehensive","C"
"1396",0,"30-39","Comprehensive","B"
"1397",1,"30-39","3rd Party, F & T","B"
"1398",1,"30-39","3rd Party, F & T","B"
"1399",1,"over 60","Comprehensive","A"
"1400",1,"20-29","3rd Party, F & T","B"
"1401",1,"50-60","3rd Party, F & T","A"
"1402",0,"50-60","3rd Party, F & T","B"
"1403",1,"50-60","Comprehensive","A"
"1404",1,"over 60","Comprehensive","C"
"1405",1,"30-39","Comprehensive","B"
"1406",1,"40-49","3rd Party, F & T","A"
"1407",0,"over 60","Comprehensive","A"
"1408",1,"30-39","3rd Party, F & T","B"
"1409",1,"40-49","Comprehensive","A"
"1410",1,"40-49","Comprehensive","A"
"1411",0,"over 60","3rd Party, F & T","C"
"1412",1,"30-39","Comprehensive","B"
"1413",1,"over 60","Comprehensive","C"
"1414",1,"50-60","Comprehensive","B"
"1415",0,"40-49","3rd Party, F & T","A"
"1416",0,"40-49","3rd Party, F & T","A"
"1417",1,"30-39","Comprehensive","C"
"1418",1,"40-49","3rd Party, F & T","B"
"1419",1,"over 60","Comprehensive","B"
"1420",1,"30-39","Comprehensive","C"
"1421",1,"over 60","Comprehensive","C"
"1422",1,"over 60","Comprehensive","A"
"1423",0,"30-39","Comprehensive","B"
"1424",1,"40-49","Comprehensive","B"
"1425",1,"20-29","Comprehensive","A"
"1426",0,"30-39","Comprehensive","C"
"1427",1,"over 60","3rd Party, F & T","B"
"1428",1,"30-39","3rd Party, F & T","C"
"1429",1,"over 60","Comprehensive","B"
"1430",1,"50-60","Comprehensive","B"
"1431",1,"40-49","3rd Party, F & T","A"
"1432",1,"40-49","Comprehensive","B"
"1433",1,"40-49","3rd Party, F & T","B"
"1434",1,"30-39","3rd Party, F & T","C"
"1435",1,"30-39","Comprehensive","C"
"1436",0,"over 60","Comprehensive","B"
"1437",1,"40-49","Comprehensive","C"
"1438",1,"40-49","Comprehensive","B"
"1439",1,"30-39","Comprehensive","A"
"1440",1,"over 60","Comprehensive","B"
"1441",1,"40-49","Comprehensive","C"
"1442",1,"50-60","Comprehensive","A"
"1443",1,"30-39","Comprehensive","A"
"1444",1,"over 60","3rd Party, F & T","A"
"1445",1,"30-39","Comprehensive","B"
"1446",1,"30-39","Comprehensive","A"
"1447",1,"50-60","3rd Party, F & T","A"
"1448",0,"20-29","Comprehensive","B"
"1449",1,"40-49","3rd Party, F & T","B"
"1450",1,"50-60","Comprehensive","B"
"1451",0,"over 60","3rd Party, F & T","A"
"1452",1,"40-49","Comprehensive","A"
"1453",1,"over 60","3rd Party, F & T","B"
"1454",1,"50-60","Comprehensive","B"
"1455",1,"50-60","Comprehensive","A"
"1456",1,"40-49","3rd Party, F & T","C"
"1457",1,"over 60","3rd Party, F & T","C"
"1458",1,"over 60","3rd Party, F & T","C"
"1459",1,"30-39","Comprehensive","A"
"1460",0,"30-39","3rd Party, F & T","B"
"1461",1,"50-60","Comprehensive","C"
"1462",1,"30-39","3rd Party, F & T","B"
"1463",1,"20-29","Comprehensive","B"
"1464",1,"40-49","3rd Party, F & T","B"
"1465",1,"over 60","Comprehensive","C"
"1466",1,"over 60","3rd Party, F & T","A"
"1467",0,"30-39","Comprehensive","B"
"1468",1,"20-29","Comprehensive","B"
"1469",1,"40-49","Comprehensive","B"
"1470",0,"30-39","Comprehensive","B"
"1471",0,"20-29","Comprehensive","C"
"1472",1,"30-39","Comprehensive","B"
"1473",1,"40-49","3rd Party, F & T","A"
"1474",1,"40-49","Comprehensive","B"
"1475",0,"50-60","Comprehensive","B"
"1476",1,"over 60","3rd Party, F & T","A"
"1477",1,"20-29","Comprehensive","C"
"1478",1,"50-60","Comprehensive","A"
"1479",0,"30-39","Comprehensive","B"
"1480",1,"30-39","Comprehensive","C"
"1481",1,"over 60","Comprehensive","B"
"1482",1,"50-60","Comprehensive","B"
"1483",1,"over 60","Comprehensive","A"
"1484",1,"30-39","3rd Party, F & T","B"
"1485",1,"40-49","Comprehensive","A"
"1486",1,"50-60","Comprehensive","A"
"1487",1,"40-49","Comprehensive","C"
"1488",1,"50-60","Comprehensive","A"
"1489",0,"over 60","Comprehensive","C"
"1490",1,"over 60","3rd Party, F & T","B"
"1491",0,"over 60","Comprehensive","A"
"1492",0,"20-29","Comprehensive","B"
"1493",1,"over 60","Comprehensive","C"
"1494",1,"over 60","3rd Party, F & T","A"
"1495",1,"over 60","Comprehensive","B"
"1496",1,"30-39","3rd Party, F & T","B"
"1497",1,"40-49","3rd Party, F & T","B"
"1498",1,"50-60","Comprehensive","B"
"1499",1,"50-60","3rd Party, F & T","B"
"1500",1,"over 60","3rd Party, F & T","C"
"1501",0,"30-39","Comprehensive","C"
"1502",0,"20-29","3rd Party, F & T","B"
"1503",1,"30-39","Comprehensive","A"
"1504",1,"50-60","3rd Party, F & T","B"
"1505",1,"over 60","Comprehensive","A"
"1506",0,"over 60","Comprehensive","C"
"1507",1,"over 60","Comprehensive","C"
"1508",1,"30-39","Comprehensive","B"
"1509",1,"40-49","Comprehensive","C"
"1510",0,"40-49","Comprehensive","A"
"1511",1,"50-60","3rd Party, F & T","A"
"1512",1,"30-39","Comprehensive","C"
